StartDate,EndDate,Status,IPAddress,Progress,Duration (in seconds),Finished,RecordedDate,ResponseId,RecipientLastName,RecipientFirstName,RecipientEmail,ExternalReference,LocationLatitude,LocationLongitude,DistributionChannel,UserLanguage,S0.1,S0.1_4_TEXT,S0.2,S1.1,S1.2,S1.3,S1.4,S1.5,S1.6,S2.1_1,S2.2_1,S2.3_1,S2.4_1,S2.5_1,S2.6_1,S3.1,S3.2,S3.3,S3.4,S3.5,S3.6,S4.1,S4.1_7_TEXT,S4.2_1,S4.2_2,S4.2_3,S4.2_4,S4.3,vid_url,urlList,choice1,choice2,choice3,choice4,vid_id,sel1,sel2,sel3,sel4,S1,S2,S3,S4,gt_url,S4.3 - Parent Topics,S4.3 - Sentiment Polarity,S4.3 - Sentiment Score,S4.3 - Sentiment,S4.3 - Topic Sentiment Label,S4.3 - Topic Sentiment Score,S4.3 - Topics
Start Date,End Date,Response Type,IP Address,Progress,Duration (in seconds),Finished,Recorded Date,Response ID,Recipient Last Name,Recipient First Name,Recipient Email,External Data Reference,Location Latitude,Location Longitude,Distribution Channel,User Language,You identify as - Selected Choice,You identify as - Self-describe - Text,Your age group,"In this first section, the characters are either narrating a line from a story or having a conversation with someone off screen. By looking at their gestures, what emotion do you perceive the character to be feeling? Please choose all that you think applies. For example, if the character seems to be very happy, you can choose both ""Happy"" and ""Joyous"".Character 1/6","In this first section, the characters are either narrating a line from a story or having a conversation with someone off screen. By looking at their gestures, what emotion do you perceive the character to be feeling? Please choose all that you think applies. For example, if the character seems to be very happy, you can choose both ""Happy"" and ""Joyous"".
Character 2/6


 Your browser does not support HTML5 video.","In this first section, the characters are either narrating a line from a story or having a conversation with someone off screen. By looking at their gestures, what emotion do you perceive the character to be feeling? Please choose all that you think applies. For example, if the character seems to be very happy, you can choose both ""Happy"" and ""Joyous"".
Character 3/6


 Your browser does not support HTML5 video.","In this first section, the characters are either narrating a line from a story or having a conversation with someone off screen. By looking at their gestures, what emotion do you perceive the character to be feeling? Please choose all that you think applies. For example, if the character seems to be very happy, you can choose both ""Happy"" and ""Joyous"".Character 4/6

 Your browser does not support HTML5 video.","In this first section, the characters are either narrating a line from a story or having a conversation with someone off screen. By looking at their gestures, what emotion do you perceive the character to be feeling? Please choose all that you think applies. For example, if the character seems to be very happy, you can choose both ""Happy"" and ""Joyous"".Character 5/6

 Your browser does not support HTML5 video.","In this first section, the characters are either narrating a line from a story or having a conversation with someone off screen. By looking at their gestures, what emotion do you perceive the character to be feeling? Please choose all that you think applies. For example, if the character seems to be very happy, you can choose both ""Happy"" and ""Joyous"".Character 6/6

 Your browser does not support HTML5 video.","In this section, please look at the characters and answer how natural their animation looks on a five-point scale.
Character 1/6
 Your browser does not support HTML5 video. - How natural does it look","In this section, we ask you to look at the characters and answer how natural their animation looks on a five-point scale.
Character 2/6
 Your browser does not support HTML5 video. - How natural does it look?","In this section, we ask you to look at the characters and answer how natural their animation looks on a five-point scale.
Character 3/6

 Your browser does not support HTML5 video. - How natural does it look?","In this section, we ask you to look at the characters and answer how natural their animation looks on a five-point scale.
Character 4/6
 Your browser does not support HTML5 video. - How natural does it look?","In this section, we ask you to look at the characters and answer how natural their animation looks on a five-point scale.
Character 5/6
 Your browser does not support HTML5 video. - How natural does it look?","In this section, we ask you to look at the characters and answer how natural their animation looks on a five-point scale.
Character 6/6
 Your browser does not support HTML5 video. - How natural does it look?","In this section, please observe the character and mark whether it is narrating a line or having a conversation. Please use your best judgment as appropriate.

Character 1/6
 Your browser does not support HTML5 video.","In this section, please observe the character and mark whether it is narrating a line or having a conversation. Please use your best judgment as appropriate.

Character 2/6
 Your browser does not support HTML5 video.","In this section, please observe the character and mark whether it is narrating a line or having a conversation. Please use your best judgment as appropriate.

Character 3/6","In this section, please observe the character and mark whether it is narrating a line or having a conversation. Please use your best judgment as appropriate.

Character 4/6
 Your browser does not support HTML5 video.","In this section, please observe the character and mark whether it is narrating a line or having a conversation. Please use your best judgment as appropriate.

Character 5/6
 Your browser does not support HTML5 video.","In this section, please observe the character and mark whether it is narrating a line or having a conversation. Please use your best judgment as appropriate.

Character 6/6
 Your browser does not support HTML5 video.","Did anything about the animation distract you from perceiving the character's emotions from its gaits? If more than one applies, please choose all of them. - Selected Choice","Did anything about the animation distract you from perceiving the character's emotions from its gaits? If more than one applies, please choose all of them. - Something else - Text",How would you rate the following elements of the survey? (Optional) - Being able to detect different emotions from the gestures,How would you rate the following elements of the survey? (Optional) - Smoothness of the animation,How would you rate the following elements of the survey? (Optional) - Duration of the survey,How would you rate the following elements of the survey? (Optional) - Your overall experience,Any other feedback on the survey that you'd like us to know? (Optional),vid_url,urlList,choice1,choice2,choice3,choice4,vid_id,sel1,sel2,sel3,sel4,S1,S2,S3,S4,gt_url,S4.3 - Parent Topics,S4.3 - Sentiment Polarity,S4.3 - Sentiment Score,S4.3 - Sentiment,S4.3 - Topic Sentiment Label,S4.3 - Topic Sentiment Score,S4.3 - Topics
"{""ImportId"":""startDate"",""timeZone"":""America/Denver""}","{""ImportId"":""endDate"",""timeZone"":""America/Denver""}","{""ImportId"":""status""}","{""ImportId"":""ipAddress""}","{""ImportId"":""progress""}","{""ImportId"":""duration""}","{""ImportId"":""finished""}","{""ImportId"":""recordedDate"",""timeZone"":""America/Denver""}","{""ImportId"":""_recordId""}","{""ImportId"":""recipientLastName""}","{""ImportId"":""recipientFirstName""}","{""ImportId"":""recipientEmail""}","{""ImportId"":""externalDataReference""}","{""ImportId"":""locationLatitude""}","{""ImportId"":""locationLongitude""}","{""ImportId"":""distributionChannel""}","{""ImportId"":""userLanguage""}","{""ImportId"":""QID15""}","{""ImportId"":""QID15_4_TEXT""}","{""ImportId"":""QID1""}","{""ImportId"":""QID16""}","{""ImportId"":""QID21""}","{""ImportId"":""QID67""}","{""ImportId"":""QID68""}","{""ImportId"":""QID69""}","{""ImportId"":""QID70""}","{""ImportId"":""QID5_7""}","{""ImportId"":""QID42_6""}","{""ImportId"":""QID43_6""}","{""ImportId"":""QID44_6""}","{""ImportId"":""QID45_6""}","{""ImportId"":""QID46_6""}","{""ImportId"":""QID4""}","{""ImportId"":""QID48""}","{""ImportId"":""QID49""}","{""ImportId"":""QID50""}","{""ImportId"":""QID51""}","{""ImportId"":""QID52""}","{""ImportId"":""QID14""}","{""ImportId"":""QID14_7_TEXT""}","{""ImportId"":""QID12_1""}","{""ImportId"":""QID12_2""}","{""ImportId"":""QID12_3""}","{""ImportId"":""QID12_4""}","{""ImportId"":""QID8_TEXT""}","{""ImportId"":""vid_url""}","{""ImportId"":""urlList""}","{""ImportId"":""choice1""}","{""ImportId"":""choice2""}","{""ImportId"":""choice3""}","{""ImportId"":""choice4""}","{""ImportId"":""vid_id""}","{""ImportId"":""sel1""}","{""ImportId"":""sel2""}","{""ImportId"":""sel3""}","{""ImportId"":""sel4""}","{""ImportId"":""S1""}","{""ImportId"":""S2""}","{""ImportId"":""S3""}","{""ImportId"":""S4""}","{""ImportId"":""gt_url""}","{""ImportId"":""QID8_TEXT_dbe80fb88ca94a1b95aef177ParTopics""}","{""ImportId"":""QID8_TEXT_dbe80fb88ca94a1b95aef177SenPol""}","{""ImportId"":""QID8_TEXT_dbe80fb88ca94a1b95aef177SenScore""}","{""ImportId"":""QID8_TEXT_dbe80fb88ca94a1b95aef177Sentiment""}","{""ImportId"":""QID8_TEXT_dbe80fb88ca94a1b95aef177TopicSenLabel""}","{""ImportId"":""QID8_TEXT_dbe80fb88ca94a1b95aef177TopicSenScore""}","{""ImportId"":""QID8_TEXT_dbe80fb88ca94a1b95aef177Topics""}"
2020-08-16 00:20:58,2020-08-16 00:25:04,IP Address,173.73.196.43,100,246,True,2020-08-16 00:25:05,R_1cSv057hMsOlAQI,,,,,39.0012969970703125,-76.88800048828125,anonymous,EN,Male,,25 - 34,${e://Field/choice2},"${e://Field/choice1},${e://Field/choice3}","${e://Field/choice2},${e://Field/choice3}",${e://Field/choice2},"${e://Field/choice1},${e://Field/choice2}",${e://Field/choice4},Looks great! (The gestures look line they could be from a real person),Looks great! (The gestures look line they could be from a real person),Looks great! (The gestures look line they could be from a real person),Looks great! (The gestures look line they could be from a real person),Looks great! (The gestures look line they could be from a real person),Looks great! (The gestures look line they could be from a real person),Having a conversation,Having a conversation,Having a conversation,Narrating a line,Having a conversation,Having a conversation,No distractions,,5,5,5,5,,https://umdsurvey.umd.edu/WRQualtricsControlPanel/File.php?F=F_8pNwTmn81iiQh0N,"033,122,040,127,120,119,125,104,137,020,007,101,006,027,128",Surprised,Proud,Afraid,Neutral,5,Neutral,None,None,None,"Neutral, Neutral, Joyous, Disgusted, Neutral, Neutral","None, Angry, Surprised, None, Sad, None","None, None, None, None, None, None","None, None, None, None, None, None","002, 124, 007",,,,,,,
2020-08-16 00:26:55,2020-08-16 00:30:12,IP Address,173.73.196.43,100,196,True,2020-08-16 00:30:12,R_2rhX4r7jqsxIkYm,,,,,39.0012969970703125,-76.88800048828125,anonymous,EN,Male,,25 - 34,${e://Field/choice2},${e://Field/choice3},${e://Field/choice4},${e://Field/choice3},${e://Field/choice4},${e://Field/choice4},Looks great! (The gestures look line they could be from a real person),Looks great! (The gestures look line they could be from a real person),Looks great! (The gestures look line they could be from a real person),Looks great! (The gestures look line they could be from a real person),Looks great! (The gestures look line they could be from a real person),Looks great! (The gestures look line they could be from a real person),Having a conversation,Having a conversation,Narrating a line,Narrating a line,Narrating a line,Having a conversation,No distractions,,5,5,5,5,,https://umdsurvey.umd.edu/WRQualtricsControlPanel/File.php?F=F_3xZ5qMxqVGs7Xal,"088,046,137,095,101,007,005,107,070,037,110,074,057,002,060",Neutral,Afraid,Surprised,Disgusted,5,Angry,None,None,None,"Amused, Afraid, Ashamed, Neutral, Ashamed, Angry","None, None, None, None, None, None","None, None, None, None, None, None","None, None, None, None, None, None","060, 127, 014",,,,,,,
2020-08-16 10:06:37,2020-08-16 10:08:41,Survey Preview,,100,124,True,2020-08-16 10:08:42,R_24cswjrFmCHBi12,,,,,38.9965057373046875,-76.93399810791015625,preview,EN,Male,,18 - 24,${e://Field/choice2},${e://Field/choice2},${e://Field/choice2},${e://Field/choice2},${e://Field/choice2},${e://Field/choice2},"Not Realistic (Limbs going inside the body or through the chair, etc.)","Looks OK (No serious problems, but does not look very appealing)","Looks good (No problems, and the gestures look natural)","Looks good (No problems, and the gestures look natural)","Looks good (No problems, and the gestures look natural)","Looks good (No problems, and the gestures look natural)",Having a conversation,Having a conversation,Having a conversation,Having a conversation,Having a conversation,Having a conversation,I couldn't clearly understand emotions from the gestures,,,,,,,https://umdsurvey.umd.edu/WRQualtricsControlPanel/File.php?F=F_0k7oN2qHEEByqjP,"026,122,005,041,000,125,121,095,128,078,097,100,116,137",Surprised,Proud,Afraid,Neutral,5,Proud,None,None,None,"Proud, Angry, Ashamed, Afraid, Amused, Proud","None, None, None, None, None, None","None, None, None, None, None, None","None, None, None, None, None, None","007, 027, 090",,,,,,,
2020-08-16 10:10:37,2020-08-16 10:17:48,IP Address,73.39.247.82,100,430,True,2020-08-16 10:17:48,R_27mlVNLQEw2CLKk,,,,,38.95379638671875,-76.8946990966796875,anonymous,EN,Male,,25 - 34,${e://Field/choice1},${e://Field/choice2},${e://Field/choice2},${e://Field/choice4},${e://Field/choice2},${e://Field/choice2},"Looks good (No problems, and the gestures look natural)","Looks good (No problems, and the gestures look natural)","Looks OK (No serious problems, but does not look very appealing)",Looks great! (The gestures look line they could be from a real person),"Looks good (No problems, and the gestures look natural)","Looks good (No problems, and the gestures look natural)",Narrating a line,Narrating a line,Having a conversation,Having a conversation,Narrating a line,Narrating a line,I couldn't clearly understand emotions from the gestures,,3,4,5,4,,https://umdsurvey.umd.edu/WRQualtricsControlPanel/File.php?F=F_42BV62RCIg8iI9D,"066,007,139,090,132,046,006,022,070,004,017,088,008",Proud,Disgusted,Afraid,Sad,5,Neutral,None,None,None,"Neutral, Afraid, Afraid, Angry, Disgusted, Neutral","None, None, None, None, None, None","None, None, None, None, None, None","None, None, None, None, None, None","083, 075, 040",,,,,,,
2020-08-16 10:21:53,2020-08-16 10:34:52,Survey Preview,,100,778,True,2020-08-16 10:34:52,R_3Le5yey6FYTyJSt,,,,,38.9965057373046875,-76.93399810791015625,preview,EN,Male,,18 - 24,"${e://Field/choice2},${e://Field/choice3}","${e://Field/choice2},${e://Field/choice3}","${e://Field/choice3},${e://Field/choice4}",${e://Field/choice3},${e://Field/choice3},${e://Field/choice3},"Looks OK (No serious problems, but does not look very appealing)","Looks good (No problems, and the gestures look natural)","Looks good (No problems, and the gestures look natural)",Looks great! (The gestures look line they could be from a real person),Looks great! (The gestures look line they could be from a real person),Looks great! (The gestures look line they could be from a real person),Having a conversation,Having a conversation,Having a conversation,Having a conversation,Having a conversation,Narrating a line,I couldn't clearly understand emotions from the gestures,,,,,,,https://umdsurvey.umd.edu/WRQualtricsControlPanel/File.php?F=F_cAMNLZlMJrLA5xP,"027,119,095,104,134,005,121,050,037,004,043,020,058,026",Neutral,Afraid,Surprised,Disgusted,5,Neutral,None,None,None,"Proud, Afraid, Joyous, Neutral, Relieved, Neutral","Amused, Amused, Neutral, None, None, None","None, None, None, None, None, None","None, None, None, None, None, None","046, 125, 125",,,,,,,
2020-08-16 10:43:44,2020-08-16 10:50:11,IP Address,129.2.181.233,100,387,True,2020-08-16 10:50:12,R_cx0Gn3llgSzYCs1,,,,,39.0005035400390625,-76.97119903564453125,anonymous,EN,Male,,25 - 34,"${e://Field/choice2},${e://Field/choice3}",${e://Field/choice3},"${e://Field/choice2},${e://Field/choice3}","${e://Field/choice3},${e://Field/choice4}","${e://Field/choice3},${e://Field/choice4}","${e://Field/choice1},${e://Field/choice2}","Looks OK (No serious problems, but does not look very appealing)","Looks OK (No serious problems, but does not look very appealing)","Looks good (No problems, and the gestures look natural)","Looks good (No problems, and the gestures look natural)","Looks good (No problems, and the gestures look natural)","Looks OK (No serious problems, but does not look very appealing)",Having a conversation,Having a conversation,Narrating a line,Having a conversation,Narrating a line,Narrating a line,I couldn't clearly understand emotions from the gestures,,3,4,4,3,,https://umdsurvey.umd.edu/WRQualtricsControlPanel/File.php?F=F_cXWl7sCTCDEQQcZ,"057,070,116,046,033,075,058,138,127,110,102,043,119,125",Sad,Angry,Joyous,Proud,5,Relieved,Neutral,None,None,"Proud, Disgusted, Sad, Sad, Afraid, Relieved","Amused, None, Afraid, Afraid, Sad, Neutral","None, None, None, None, None, None","None, None, None, None, None, None","078, 017, 002",,,,,,,
2020-08-16 11:56:04,2020-08-16 12:08:53,IP Address,173.73.196.219,100,768,True,2020-08-16 12:08:53,R_3lLhbH16Bw14cJH,,,,,39.0012969970703125,-76.88800048828125,anonymous,EN,Male,,18 - 24,${e://Field/choice1},${e://Field/choice1},${e://Field/choice3},${e://Field/choice3},${e://Field/choice2},${e://Field/choice4},"Very Unnatural (Broken arms or legs, torso at impossible angles, etc.)","Looks OK (No serious problems, but does not look very appealing)","Very Unnatural (Broken arms or legs, torso at impossible angles, etc.)","Looks OK (No serious problems, but does not look very appealing)","Looks OK (No serious problems, but does not look very appealing)","Looks OK (No serious problems, but does not look very appealing)",Having a conversation,Having a conversation,Having a conversation,Having a conversation,Having a conversation,Having a conversation,"I couldn't clearly understand emotions from the gestures,The faces were distracting me from focusing on the gestures,Something else","The humans look too small for the chair. This did not distract me from doing anything, but it's just something I noticed. Possibly doesn't matter.",,2,5,3,,https://umdsurvey.umd.edu/WRQualtricsControlPanel/File.php?F=F_3xZ5qMxqVGs7Xal,"102,142,122,137,046,116,104,107,124,020,121,139,060",Amused,Proud,Relieved,Sad,5,Afraid,None,None,None,"Neutral, Neutral, Neutral, Relieved, Sad, Disgusted, Afraid","None, None, None, None, None, None, None","None, None, None, None, None, None, None","None, None, None, None, None, None, None","102, 074, 121",,,,,,,
2020-08-16 12:58:09,2020-08-16 13:07:05,IP Address,24.162.249.155,100,536,True,2020-08-16 13:07:05,R_BEaFEjqkgv0AgG5,,,,,35.7964935302734375,-78.79810333251953125,anonymous,EN,Male,,18 - 24,${e://Field/choice1},${e://Field/choice3},${e://Field/choice4},${e://Field/choice3},${e://Field/choice4},${e://Field/choice3},"Looks OK (No serious problems, but does not look very appealing)","Looks OK (No serious problems, but does not look very appealing)","Looks OK (No serious problems, but does not look very appealing)","Not Realistic (Limbs going inside the body or through the chair, etc.)","Looks good (No problems, and the gestures look natural)","Looks good (No problems, and the gestures look natural)",Having a conversation,Narrating a line,Narrating a line,Having a conversation,Narrating a line,Having a conversation,"I couldn't clearly understand emotions from the gestures,Something else","framerate bad, first few frames not clipped",2,2,4,2,"'-why are the animation framerates so slow? maybe i should just do the rendering on my pc here
-they also seem to be playing back very slowly
-should probably crop out first few frames where it jumps from the previous anim
-0078 was literally not doing anything, so i chose the response randomly
-same with 0043
-woman's hands seem to be messed up again in 0113? 
-seem to get a lot of seemingly duplicate animations?",https://umdsurvey.umd.edu/WRQualtricsControlPanel/File.php?F=F_e9ZY8MiRQZyAmMt,"040,078,043,113,035,007,119,049,122,057,056,005,074,090,134",Relieved,Afraid,Amused,Angry,5,Relieved,None,None,None,"Neutral, Surprised, Amused, Amused, Neutral, Relieved","None, None, None, None, None, None","None, None, None, None, None, None","None, None, None, None, None, None","017, 006, 032",,,,,,,
2020-08-16 13:01:00,2020-08-16 13:07:41,IP Address,163.114.130.3,100,400,True,2020-08-16 13:07:41,R_1gSCbcWI0Z8XSXd,,,,,39.048095703125,-77.47280120849609375,anonymous,EN,Male,,25 - 34,${e://Field/choice4},${e://Field/choice3},${e://Field/choice1},${e://Field/choice2},"${e://Field/choice1},${e://Field/choice2}",${e://Field/choice3},"Looks OK (No serious problems, but does not look very appealing)","Looks OK (No serious problems, but does not look very appealing)","Looks OK (No serious problems, but does not look very appealing)","Looks good (No problems, and the gestures look natural)","Not Realistic (Limbs going inside the body or through the chair, etc.)","Looks OK (No serious problems, but does not look very appealing)",Narrating a line,Narrating a line,Having a conversation,Having a conversation,Having a conversation,Having a conversation,The faces were distracting me from focusing on the gestures,,4,2,4,3,,https://umdsurvey.umd.edu/WRQualtricsControlPanel/File.php?F=F_2fu0L5DEVcHlIix,"101,125,120,128,020,049,046,107,043,078,002,075,017,026,130",Proud,Relieved,Ashamed,Neutral,5,Sad,None,None,None,"Sad, Afraid, Surprised, Sad, Amused, Sad","None, None, None, None, Joyous, None","None, None, None, None, None, None","None, None, None, None, None, None","119, 142, 132",,,,,,,
2020-08-16 17:51:56,2020-08-16 17:59:37,IP Address,73.198.53.154,100,460,True,2020-08-16 17:59:37,R_10TAufm9Fa1PxFf,,,,,40.43060302734375,-74.40200042724609375,anonymous,EN,Male,,18 - 24,${e://Field/choice4},${e://Field/choice3},${e://Field/choice2},${e://Field/choice3},${e://Field/choice2},${e://Field/choice4},Looks great! (The gestures look line they could be from a real person),"Looks good (No problems, and the gestures look natural)",Looks great! (The gestures look line they could be from a real person),"Looks OK (No serious problems, but does not look very appealing)",Looks great! (The gestures look line they could be from a real person),"Looks OK (No serious problems, but does not look very appealing)",Having a conversation,Narrating a line,Having a conversation,Narrating a line,Having a conversation,Narrating a line,"I couldn't clearly understand emotions from the gestures,The faces were distracting me from focusing on the gestures",,2,4,5,5,Faces and facial expressions were the main thing I looked at for gestures even though we were supposed to look only at the gestures. Maybe blanking out the face to focus on the gestures and head motion would help respondents focus on the gestures?,https://umdsurvey.umd.edu/WRQualtricsControlPanel/File.php?F=F_6J6cCxQdU9QP0kl,"104,007,075,035,020,101,125,100,120,008,102,119,122",Amused,Proud,Relieved,Sad,5,Afraid,None,None,None,"Sad, Relieved, Afraid, Joyous, Neutral, Afraid","None, None, None, None, None, None","None, None, None, None, None, None","None, None, None, None, None, None","040, 130, 005",,,,,,,
2020-08-17 09:18:49,2020-08-17 09:21:49,IP Address,173.73.196.43,100,180,True,2020-08-17 09:21:50,R_YYwdw3mmkpjpNTj,,,,,39.0012969970703125,-76.88800048828125,anonymous,EN,Male,,25 - 34,${e://Field/choice2},"${e://Field/choice1},${e://Field/choice4}","${e://Field/choice1},${e://Field/choice2}","${e://Field/choice3},${e://Field/choice4}","${e://Field/choice2},${e://Field/choice4}","${e://Field/choice1},${e://Field/choice2}",Looks great! (The gestures look line they could be from a real person),Looks great! (The gestures look line they could be from a real person),Looks great! (The gestures look line they could be from a real person),Looks great! (The gestures look line they could be from a real person),Looks great! (The gestures look line they could be from a real person),Looks great! (The gestures look line they could be from a real person),Narrating a line,Having a conversation,Narrating a line,Having a conversation,Having a conversation,Having a conversation,No distractions,,5,5,5,5,,https://umdsurvey.umd.edu/WRQualtricsControlPanel/File.php?F=F_a4PNT2Id7IPaWa1,"083,050,104,134,110,125,122,057,137,035,049,130,026,098",Neutral,Ashamed,Angry,Afraid,5,Surprised,Proud,None,None,"Angry, Proud, Angry, Neutral, Sad, Surprised","None, Amused, Relieved, Relieved, Neutral, Proud","None, None, None, None, None, None","None, None, None, None, None, None","034, 137, 004",,,,,,,
2020-08-17 10:26:09,2020-08-17 10:34:19,IP Address,100.15.137.26,100,489,True,2020-08-17 10:34:19,R_1QEC6BWO4Ous6cJ,,,,,39.0012969970703125,-76.88800048828125,anonymous,EN,Female,,25 - 34,"${e://Field/choice2},${e://Field/choice4}",${e://Field/choice2},${e://Field/choice4},${e://Field/choice1},${e://Field/choice3},${e://Field/choice4},"Looks OK (No serious problems, but does not look very appealing)","Looks good (No problems, and the gestures look natural)","Looks good (No problems, and the gestures look natural)","Looks OK (No serious problems, but does not look very appealing)","Looks OK (No serious problems, but does not look very appealing)","Looks OK (No serious problems, but does not look very appealing)",Narrating a line,Narrating a line,Having a conversation,Having a conversation,Having a conversation,Having a conversation,"I couldn't clearly understand emotions from the gestures,The faces were distracting me from focusing on the gestures",,2,4,4,4,,https://umdsurvey.umd.edu/WRQualtricsControlPanel/File.php?F=F_0j4MD1W5WBluPid,"007,074,004,127,119,066,130,078,070,075,027,134,040,097,139",Joyous,Angry,Proud,Amused,5,Neutral,None,None,None,"Afraid, Neutral, Neutral, Neutral, Amused, Proud, Neutral","Angry, None, None, None, None, None, None","None, None, None, None, None, None, None","None, None, None, None, None, None, None","043, 020, 128",,,,,,,
2020-08-17 15:35:26,2020-08-17 15:40:22,IP Address,73.39.247.82,100,296,True,2020-08-17 15:40:22,R_2XgkyIjmTGXHFss,,,,,38.95379638671875,-76.8946990966796875,anonymous,EN,Male,,25 - 34,${e://Field/choice2},${e://Field/choice4},${e://Field/choice2},${e://Field/choice3},${e://Field/choice2},${e://Field/choice4},"Looks OK (No serious problems, but does not look very appealing)","Not Realistic (Limbs going inside the body or through the chair, etc.)","Looks OK (No serious problems, but does not look very appealing)","Looks good (No problems, and the gestures look natural)","Looks good (No problems, and the gestures look natural)",Looks great! (The gestures look line they could be from a real person),Having a conversation,Having a conversation,Narrating a line,Having a conversation,Having a conversation,Having a conversation,No distractions,,3,4,4,4,,https://umdsurvey.umd.edu/WRQualtricsControlPanel/File.php?F=F_eQz1I2oRkW0TE3j,"138,110,056,088,004,041,034,035,002,032,074,014,124,122,043",Amused,Disgusted,Joyous,Proud,5,Neutral,None,None,None,"Neutral, Neutral, Surprised, Relieved, Ashamed, Neutral","None, None, None, None, None, None","None, None, None, None, None, None","None, None, None, None, None, None","125, 107, 100",,,,,,,
2020-08-18 01:13:45,2020-08-18 01:29:35,IP Address,73.200.205.214,100,949,True,2020-08-18 01:29:35,R_3090rtAMmkacZyK,,,,,39.0005035400390625,-76.97119903564453125,anonymous,EN,Male,,25 - 34,"${e://Field/choice2},${e://Field/choice4}","${e://Field/choice1},${e://Field/choice2}",${e://Field/choice3},${e://Field/choice3},"${e://Field/choice3},${e://Field/choice4}","${e://Field/choice2},${e://Field/choice3}","Looks OK (No serious problems, but does not look very appealing)","Looks OK (No serious problems, but does not look very appealing)","Looks OK (No serious problems, but does not look very appealing)","Looks good (No problems, and the gestures look natural)",Looks great! (The gestures look line they could be from a real person),"Looks OK (No serious problems, but does not look very appealing)",Narrating a line,Having a conversation,Narrating a line,Narrating a line,Having a conversation,Having a conversation,"I couldn't clearly understand emotions from the gestures,The faces were distracting me from focusing on the gestures",,2,3,5,3,"It was difficult to dissociate the face and the gestures when trying to detect emotions. Maybe having stick figures would be better for people to identify emotions from gestures.  But even with this distraction, characters in some videos seemed clear cut  emotion. 

The animation of the limbs can be improved. The proportions between the torso and the limbs seemed off.",https://umdsurvey.umd.edu/WRQualtricsControlPanel/File.php?F=F_b3ZJYOnX9MWubyt,"005,043,058,097,134,137,124,130,070,095,122,074,040,060,007",Surprised,Disgusted,Ashamed,Sad,5,Angry,Sad,None,None,"Afraid, Disgusted, Ashamed, Neutral, Neutral, Angry","Disgusted, Angry, None, None, Relieved, Sad","None, None, None, None, None, None","None, None, None, None, None, None","017, 008, 097",,,,,,,
2020-08-15 14:49:02,2020-08-15 18:39:54,IP Address,128.8.120.3,12,13851,False,2020-08-22 18:40:14,R_2EGF92Fhxq3Q6fP,,,,,,,anonymous,EN,,,,,,,,,,,,,,,,,,,,,,,,,,,,,https://umdsurvey.umd.edu/WRQualtricsControlPanel/File.php?F=F_bDwRfd6KYl7nFpH,124,Surprised,Disgusted,Ashamed,Sad,5,,,,,,,,,,,,,,,,
2020-08-15 21:32:12,2020-08-15 21:32:53,IP Address,173.73.196.43,36,40,False,2020-08-22 21:33:28,R_0SZ7iZqOz7fGEGB,,,,,,,anonymous,EN,Male,,25 - 34,${e://Field/choice4},${e://Field/choice4},${e://Field/choice3},${e://Field/choice4},${e://Field/choice3},"${e://Field/choice2},${e://Field/choice4}",,,,,,,,,,,,,,,,,,,,https://umdsurvey.umd.edu/WRQualtricsControlPanel/File.php?F=F_06c03Cjo0gIV8IR,"083,043,127,100,046,062,002",Joyous,Angry,Neutral,Proud,5,Afraid,None,None,None,"Sad, Relieved, Proud, Neutral, Afraid","None, None, None, None, None","None, None, None, None, None","None, None, None, None, None",,,,,,,,
2020-08-15 21:37:36,2020-08-15 21:38:38,IP Address,173.73.196.43,36,62,False,2020-08-22 21:38:41,R_1qVgbY7OYSaSsai,,,,,,,anonymous,EN,Male,,25 - 34,${e://Field/choice4},${e://Field/choice4},${e://Field/choice4},${e://Field/choice4},"${e://Field/choice3},${e://Field/choice4}","${e://Field/choice2},${e://Field/choice3}",,,,,,,,,,,,,,,,,,,,https://umdsurvey.umd.edu/WRQualtricsControlPanel/File.php?F=F_5oq4wIEahqIizGd,"026,046,005,100,020",Neutral,Afraid,Surprised,Disgusted,5,Ashamed,Neutral,None,None,"Neutral, Sad, Neutral, Disgusted, Ashamed, , Ashamed","None, None, None, None, Neutral, None, Neutral","None, None, None, None, None, None, None","None, None, None, None, None, None, None",,,,,,,,
2020-08-15 21:49:09,2020-08-15 21:49:49,IP Address,173.73.196.43,43,40,False,2020-08-22 21:50:07,R_Z38d7NMVqHJIEIp,,,,,,,anonymous,EN,Male,,25 - 34,${e://Field/choice4},${e://Field/choice4},${e://Field/choice3},${e://Field/choice4},"${e://Field/choice3},${e://Field/choice4}","${e://Field/choice2},${e://Field/choice3},${e://Field/choice4}","Looks good (No problems, and the gestures look natural)",,,,,,,,,,,,,,,,,,,https://umdsurvey.umd.edu/WRQualtricsControlPanel/File.php?F=F_0SUORBv7pr3S1xj,"020,137,033,088,139",Joyous,Angry,Sad,Ashamed,5,Neutral,Sad,Afraid,None,"Afraid, Ashamed, Ashamed, Disgusted, Joyous, Neutral","None, None, None, None, Angry, Sad","None, None, None, None, None, Afraid","None, None, None, None, None, None",125,,,,,,,
2020-08-15 21:53:00,2020-08-15 21:53:46,IP Address,173.73.196.43,36,46,False,2020-08-22 21:53:48,R_8f6ORl7L2AI71ux,,,,,,,anonymous,EN,Male,,25 - 34,"${e://Field/choice3},${e://Field/choice4}",${e://Field/choice4},"${e://Field/choice3},${e://Field/choice4}","${e://Field/choice3},${e://Field/choice4}","${e://Field/choice2},${e://Field/choice3}","${e://Field/choice1},${e://Field/choice4}",,,,,,,,,,,,,,,,,,,,https://umdsurvey.umd.edu/WRQualtricsControlPanel/File.php?F=F_8j3cI7VWbe435A1,"037,134,121,006,032,107,034",Amused,Disgusted,Joyous,Proud,5,Angry,Afraid,None,None,"Ashamed, Relieved, Afraid, Angry, Surprised, Angry","Disgusted, None, Ashamed, Sad, Ashamed, Afraid","None, None, None, None, None, None","None, None, None, None, None, None",,,,,,,,
2020-08-15 22:18:24,2020-08-15 22:19:08,IP Address,129.2.180.215,46,44,False,2020-08-22 22:19:33,R_1IsiF9rO5wXLhYZ,,,,,,,anonymous,EN,Male,,18 - 24,${e://Field/choice2},${e://Field/choice1},"${e://Field/choice3},${e://Field/choice4}","${e://Field/choice2},${e://Field/choice3}","${e://Field/choice1},${e://Field/choice2}",${e://Field/choice2},"Looks good (No problems, and the gestures look natural)","Looks good (No problems, and the gestures look natural)",,,,,,,,,,,,,,,,,,https://umdsurvey.umd.edu/WRQualtricsControlPanel/File.php?F=F_ahMZymR5slg4CUd,"120,098,110,060,101,034,088,050",Afraid,Amused,Relieved,Disgusted,5,Disgusted,None,None,None,"Sad, Relieved, Ashamed, Angry, Disgusted, Disgusted","None, None, Proud, Joyous, Proud, None","None, None, None, None, None, None","None, None, None, None, None, None",127,,,,,,,
2020-08-16 05:30:26,2020-08-16 08:03:38,IP Address,100.15.139.129,18,9191,False,2020-08-23 08:03:38,R_1BVFa9RqijoxmEb,,,,,,,anonymous,EN,Male,,25 - 34,${e://Field/choice4},,,,,,,,,,,,,,,,,,,,,,,,,https://umdsurvey.umd.edu/WRQualtricsControlPanel/File.php?F=F_bDwRfd6KYl7nFpH,"107,070,124",Surprised,Disgusted,Ashamed,Sad,5,Afraid,None,None,None,Afraid,None,None,None,,,,,,,,
2020-08-16 09:50:54,2020-08-16 09:54:08,IP Address,128.8.120.3,21,193,False,2020-08-23 09:54:30,R_1rqSyM1Ge8pbeMP,,,,,,,anonymous,EN,Male,,25 - 34,${e://Field/choice4},${e://Field/choice2},,,,,,,,,,,,,,,,,,,,,,,,https://umdsurvey.umd.edu/WRQualtricsControlPanel/File.php?F=F_7VgKi3uDO5eWrl3,"139,050,128,062",Disgusted,Surprised,Amused,Sad,5,Relieved,None,None,None,"Angry, Relieved","None, None","None, None","None, None",,,,,,,,
2020-08-16 10:53:26,2020-08-16 10:53:34,IP Address,173.73.196.43,14,8,False,2020-08-23 10:53:47,R_1OwAxx1IEs7Zglz,,,,,,,anonymous,EN,Male,,25 - 34,,,,,,,,,,,,,,,,,,,,,,,,,,https://umdsurvey.umd.edu/WRQualtricsControlPanel/File.php?F=F_eaqhgCli3p9HtYx,,Neutral,Proud,Amused,Sad,5,,,,,,,,,,,,,,,,
2020-08-16 11:04:17,2020-08-16 11:04:45,IP Address,108.28.62.82,14,28,False,2020-08-23 11:04:46,R_1jUPhG3jQt311hd,,,,,,,anonymous,EN,Male,,18 - 24,,,,,,,,,,,,,,,,,,,,,,,,,,https://umdsurvey.umd.edu/WRQualtricsControlPanel/File.php?F=F_eaqhgCli3p9HtYx,,Neutral,Proud,Amused,Sad,5,,,,,,,,,,,,,,,,
2020-08-15 23:27:29,2020-08-16 11:34:47,IP Address,72.83.36.48,18,43637,False,2020-08-23 11:34:50,R_ph1BFoKfuKYIrL3,,,,,,,anonymous,EN,Male,,35 or older,${e://Field/choice1},,,,,,,,,,,,,,,,,,,,,,,,,https://umdsurvey.umd.edu/WRQualtricsControlPanel/File.php?F=F_5oq4wIEahqIizGd,"057,083,104,107,033,060,005",Neutral,Afraid,Surprised,Disgusted,5,Surprised,None,None,None,"Surprised, Surprised, Surprised, Surprised, Surprised","None, None, None, None, None","None, None, None, None, None","None, None, None, None, None",,,,,,,,
2020-08-23 14:06:19,2020-08-23 14:10:44,IP Address,129.2.165.219,100,264,True,2020-08-23 14:10:44,R_3JsfkBvnMMbitrO,,,,,39.0005035400390625,-76.97119903564453125,anonymous,EN,Male,,18 - 24,${e://Field/choice3},${e://Field/choice2},${e://Field/choice4},${e://Field/choice3},"${e://Field/choice3},${e://Field/choice4}",${e://Field/choice1},"Looks OK (No serious problems, but does not look very appealing)","Looks OK (No serious problems, but does not look very appealing)","Looks OK (No serious problems, but does not look very appealing)","Looks good (No problems, and the gestures look natural)","Looks good (No problems, and the gestures look natural)","Not Realistic (Limbs going inside the body or through the chair, etc.)",Having a conversation,Narrating a line,Having a conversation,Narrating a line,Narrating a line,Having a conversation,I couldn't clearly understand emotions from the gestures,,2,3,3,4,,https://umdsurvey.umd.edu/WRQualtricsControlPanel/File.php?F=F_3Q7TxG7X5Iuedxj,"097,088,017,046,124,120,033,107,058,041,127,132,090,138,005,125",Relieved,Neutral,Ashamed,Angry,5,Neutral,None,None,None,"Neutral, Amused, Neutral, Afraid, Ashamed, Neutral","None, None, None, None, Sad, None","None, None, None, None, None, None","None, None, None, None, None, None","006, 000, 057",,,,,,,
2020-08-16 16:09:07,2020-08-16 16:10:47,IP Address,108.28.62.82,43,100,False,2020-08-23 16:11:01,R_1DBcdxcX8oJLSW7,,,,,,,anonymous,EN,Male,,18 - 24,"${e://Field/choice2},${e://Field/choice3}",${e://Field/choice4},"${e://Field/choice1},${e://Field/choice3}","${e://Field/choice2},${e://Field/choice3}","${e://Field/choice1},${e://Field/choice3}","${e://Field/choice1},${e://Field/choice3}","Not Realistic (Limbs going inside the body or through the chair, etc.)",,,,,,,,,,,,,,,,,,,https://umdsurvey.umd.edu/WRQualtricsControlPanel/File.php?F=F_blwc0M7qUeUOgTP,"101,035,020,057,034,098",Relieved,Amused,Neutral,Joyous,5,Amused,Joyous,None,None,"Proud, Ashamed, Proud, Neutral, Surprised, Amused","Amused, None, Relieved, Sad, Disgusted, Joyous","None, None, None, None, None, None","None, None, None, None, None, None",008,,,,,,,
2020-08-17 00:11:20,2020-08-17 00:11:41,IP Address,173.73.196.43,18,20,False,2020-08-24 00:12:18,R_3kMLu343MUv1T1g,,,,,,,anonymous,EN,Male,,25 - 34,"${e://Field/choice3},${e://Field/choice4}",,,,,,,,,,,,,,,,,,,,,,,,,https://umdsurvey.umd.edu/WRQualtricsControlPanel/File.php?F=F_03alpNCvkKIYlNz,032,Neutral,Surprised,Ashamed,Joyous,5,,,,,,,,,,,,,,,,
2020-08-17 00:14:05,2020-08-17 00:14:12,IP Address,173.73.196.43,14,7,False,2020-08-24 00:14:54,R_abA9ZXPUERnVUeB,,,,,,,anonymous,EN,Male,,25 - 34,,,,,,,,,,,,,,,,,,,,,,,,,,https://umdsurvey.umd.edu/WRQualtricsControlPanel/File.php?F=F_eaqhgCli3p9HtYx,,Neutral,Proud,Amused,Sad,5,,,,,,,,,,,,,,,,
2020-08-17 09:16:52,2020-08-17 09:17:43,IP Address,129.2.181.6,18,50,False,2020-08-24 09:17:56,R_1RLoFnsEbezHHRn,,,,,,,anonymous,EN,Male,,18 - 24,${e://Field/choice1},,,,,,,,,,,,,,,,,,,,,,,,,https://umdsurvey.umd.edu/WRQualtricsControlPanel/File.php?F=F_5zrqtxo5xyPrI1L,"022,116,007",Relieved,Afraid,Amused,Angry,5,Surprised,None,None,None,Surprised,None,None,None,,,,,,,,
2020-08-17 11:31:59,2020-08-17 11:40:01,IP Address,107.77.249.20,25,482,False,2020-08-24 11:40:08,R_1GTvl0lNbNdg3kl,,,,,,,anonymous,EN,Male,,18 - 24,${e://Field/choice4},${e://Field/choice3},${e://Field/choice2},,,,,,,,,,,,,,,,,,,,,,,https://umdsurvey.umd.edu/WRQualtricsControlPanel/File.php?F=F_eSh38N5XbDNUal7,"002,125,056,134,138",Joyous,Neutral,Proud,Amused,5,Surprised,None,None,None,"Proud, Afraid, Surprised","None, None, None","None, None, None","None, None, None",,,,,,,,
2020-08-15 21:27:57,2020-08-17 13:23:00,IP Address,173.73.196.43,39,143702,False,2020-08-24 13:23:20,R_vMPL6wI4NoalOa5,,,,,,,anonymous,EN,Male,,25 - 34,${e://Field/choice3},${e://Field/choice4},"${e://Field/choice2},${e://Field/choice3}","${e://Field/choice1},${e://Field/choice3}","${e://Field/choice3},${e://Field/choice4}","${e://Field/choice3},${e://Field/choice4}",,,,,,,,,,,,,,,,,,,,https://umdsurvey.umd.edu/WRQualtricsControlPanel/File.php?F=F_dc1h4KkX8Uv6xKd,"083,043,057,005,046,104,033,060,107,125",Surprised,Proud,Afraid,Neutral,5,Relieved,Sad,None,None,"Amused, Amused, Afraid, Proud, Relieved, Relieved, Relieved, Relieved","None, None, Surprised, Afraid, Sad, Sad, Sad, Sad","None, None, None, None, None, None, None, None","None, None, None, None, None, None, None, None","120, 022, 007",,,,,,,
2020-08-17 15:17:33,2020-08-17 15:29:17,IP Address,128.8.120.3,89,703,False,2020-08-24 15:29:26,R_27fBEXTy2tLUtdG,,,,,,,anonymous,EN,Male,,25 - 34,${e://Field/choice1},${e://Field/choice1},${e://Field/choice2},${e://Field/choice2},${e://Field/choice3},${e://Field/choice1},"Looks good (No problems, and the gestures look natural)",Looks great! (The gestures look line they could be from a real person),"Looks OK (No serious problems, but does not look very appealing)","Looks OK (No serious problems, but does not look very appealing)","Not Realistic (Limbs going inside the body or through the chair, etc.)","Looks OK (No serious problems, but does not look very appealing)",Narrating a line,Having a conversation,Having a conversation,Having a conversation,Having a conversation,Having a conversation,,,,,,,,https://umdsurvey.umd.edu/WRQualtricsControlPanel/File.php?F=F_1Uqf5PrlZVIKr2t,"142,014,139,007,037,132,090,060,057,124,100,134,005",Surprised,Neutral,Joyous,Angry,5,Afraid,None,None,None,"Afraid, Surprised, Neutral, Afraid, Ashamed, Afraid","None, None, None, None, None, None","None, None, None, None, None, None","None, None, None, None, None, None","074, 137, 127",,,,,,,
2020-08-18 01:11:32,2020-08-18 01:13:26,IP Address,73.200.205.214,18,114,False,2020-08-25 01:13:37,R_1QlWkL5pVMoK6xA,,,,,,,anonymous,EN,Male,,25 - 34,${e://Field/choice1},,,,,,,,,,,,,,,,,,,,,,,,,https://umdsurvey.umd.edu/WRQualtricsControlPanel/File.php?F=F_es3HihbXVa1RUln,"056,100",Disgusted,Proud,Afraid,Ashamed,5,,,,,,,,,,,,,,,,
2020-08-19 09:48:31,2020-08-19 10:09:15,IP Address,128.8.120.3,39,1243,False,2020-08-26 10:09:19,R_31MF2pQb4LEEOQk,,,,,,,anonymous,EN,Male,,18 - 24,${e://Field/choice2},${e://Field/choice3},"${e://Field/choice2},${e://Field/choice3}","${e://Field/choice1},${e://Field/choice2}","${e://Field/choice2},${e://Field/choice4}","${e://Field/choice3},${e://Field/choice4}",,,,,,,,,,,,,,,,,,,,https://umdsurvey.umd.edu/WRQualtricsControlPanel/File.php?F=F_9F8JB23QRBNrqjr,"095,110,124,007,125,078",Relieved,Afraid,Amused,Angry,5,Proud,Amused,None,None,"Surprised, Proud, Disgusted, Relieved, Proud, Proud","None, None, Ashamed, Afraid, Neutral, Amused","None, None, None, None, None, None","None, None, None, None, None, None","062, 128, 128",,,,,,,
2020-08-26 14:18:56,2020-08-26 14:36:58,IP Address,92.196.157.57,100,1081,True,2020-08-26 14:36:58,R_3smfhjPmMKBYHYl,,,,,52.4087982177734375,7.972900390625,anonymous,EN,Female,,25 - 34,${e://Field/choice2},${e://Field/choice2},${e://Field/choice2},${e://Field/choice2},${e://Field/choice3},${e://Field/choice1},"Looks good (No problems, and the gestures look natural)","Looks good (No problems, and the gestures look natural)","Looks OK (No serious problems, but does not look very appealing)","Looks OK (No serious problems, but does not look very appealing)","Looks OK (No serious problems, but does not look very appealing)","Looks good (No problems, and the gestures look natural)",Having a conversation,Narrating a line,Narrating a line,Having a conversation,Narrating a line,Having a conversation,I couldn't clearly understand emotions from the gestures,,2,4,4,3,,https://umdsurvey.umd.edu/WRQualtricsControlPanel/File.php?F=F_39K7vM44uycYIK1,"139,138,012,046,066,083,090,130,127,000,100,124,116",Ashamed,Afraid,Proud,Sad,5,Relieved,None,None,None,"Neutral, Neutral, Neutral, Sad, Afraid, Relieved","None, None, None, None, None, None","None, None, None, None, None, None","None, None, None, None, None, None","102, 002, 032",,,,,,,
2020-08-26 14:34:49,2020-08-26 14:45:32,IP Address,77.204.107.153,100,643,True,2020-08-26 14:45:32,R_8uJPDNUpQLIGLaV,,,,,48.8542938232421875,2.3527069091796875,anonymous,EN,Male,,25 - 34,${e://Field/choice1},${e://Field/choice4},${e://Field/choice1},${e://Field/choice2},${e://Field/choice3},${e://Field/choice3},"Not Realistic (Limbs going inside the body or through the chair, etc.)","Looks good (No problems, and the gestures look natural)","Looks good (No problems, and the gestures look natural)","Very Unnatural (Broken arms or legs, torso at impossible angles, etc.)",Looks great! (The gestures look line they could be from a real person),"Looks OK (No serious problems, but does not look very appealing)",Narrating a line,Having a conversation,Narrating a line,Narrating a line,Having a conversation,Narrating a line,The faces were distracting me from focusing on the gestures,,4,3,5,4,,https://umdsurvey.umd.edu/WRQualtricsControlPanel/File.php?F=F_57OMWu5TigwNW6x,"142,122,014,017,137,005,100,058,138,074,033,060,002,102,043,008,101",Joyous,Relieved,Ashamed,Surprised,5,Afraid,None,None,None,"Afraid, Afraid, Surprised, Sad, Sad, Sad, Afraid","None, None, None, None, None, None, None","None, None, None, None, None, None, None","None, None, None, None, None, None, None","041, 102, 122, 110, 035",,,,,,,
2020-08-27 03:33:29,2020-08-27 03:41:41,IP Address,103.52.247.191,100,492,True,2020-08-27 03:41:41,R_095VdxBaChq6LER,,,,,22.5655059814453125,88.36529541015625,anonymous,EN,Female,,25 - 34,${e://Field/choice3},${e://Field/choice2},${e://Field/choice2},${e://Field/choice2},${e://Field/choice1},${e://Field/choice1},"Not Realistic (Limbs going inside the body or through the chair, etc.)","Looks good (No problems, and the gestures look natural)","Looks OK (No serious problems, but does not look very appealing)","Looks good (No problems, and the gestures look natural)","Looks good (No problems, and the gestures look natural)","Not Realistic (Limbs going inside the body or through the chair, etc.)",Narrating a line,Narrating a line,Having a conversation,Narrating a line,Having a conversation,Having a conversation,The faces were distracting me from focusing on the gestures,,3,4,4,5,,https://umdsurvey.umd.edu/WRQualtricsControlPanel/File.php?F=F_3qRJ4RPsgwimgWV,"050,062,097,098,022,116,137,041,058,134,046,060,083,033",Joyous,Angry,Sad,Ashamed,5,Amused,None,None,None,"Afraid, Surprised, Amused, Afraid, Surprised, Amused","None, None, None, None, None, None","None, None, None, None, None, None","None, None, None, None, None, None","032, 060, 014",,,,,,,
2020-08-23 14:09:20,2020-08-23 14:09:29,IP Address,108.28.62.82,14,8,False,2020-08-30 14:09:30,R_vjc5xFLmDdaUe53,,,,,,,anonymous,EN,Male,,18 - 24,,,,,,,,,,,,,,,,,,,,,,,,,,https://umdsurvey.umd.edu/WRQualtricsControlPanel/File.php?F=F_a9O0TnKnaKeaN1z,032,Neutral,Surprised,Ashamed,Joyous,5,,,,,,,,,,,,,,,,
2020-08-31 09:01:33,2020-08-31 09:09:58,IP Address,100.15.145.204,100,505,True,2020-08-31 09:09:58,R_1Q4KhlE31LnJQl2,,,,,39.0005035400390625,-76.97119903564453125,anonymous,EN,Female,,18 - 24,${e://Field/choice3},${e://Field/choice1},${e://Field/choice3},${e://Field/choice3},${e://Field/choice2},${e://Field/choice4},"Looks OK (No serious problems, but does not look very appealing)","Very Unnatural (Broken arms or legs, torso at impossible angles, etc.)","Not Realistic (Limbs going inside the body or through the chair, etc.)","Not Realistic (Limbs going inside the body or through the chair, etc.)","Looks OK (No serious problems, but does not look very appealing)","Looks OK (No serious problems, but does not look very appealing)",Having a conversation,Narrating a line,Having a conversation,Narrating a line,Having a conversation,Having a conversation,"I couldn't clearly understand emotions from the gestures,The faces were distracting me from focusing on the gestures,Something else",I thought the emotions were different from the options provided.,,,,,,https://umdsurvey.umd.edu/WRQualtricsControlPanel/File.php?F=F_e4GMkooemrImYMR,"002,033,094,007,057,138,046,074,014,134,124,137,101,020,142",Joyous,Neutral,Surprised,Ashamed,5,Sad,None,None,None,"Neutral, Afraid, Amused, Disgusted, Neutral, Sad","None, None, None, None, None, None","None, None, None, None, None, None","None, None, None, None, None, None","090, 124, 074",,,,,,,
2020-08-31 09:12:46,2020-08-31 09:23:06,IP Address,173.79.1.170,100,620,True,2020-08-31 09:23:07,R_3fKam59Qpksonjq,,,,,38.9635009765625,-76.96720123291015625,anonymous,EN,Male,,18 - 24,${e://Field/choice2},${e://Field/choice1},${e://Field/choice3},${e://Field/choice1},${e://Field/choice4},${e://Field/choice4},"Looks OK (No serious problems, but does not look very appealing)","Looks good (No problems, and the gestures look natural)","Looks OK (No serious problems, but does not look very appealing)","Looks good (No problems, and the gestures look natural)","Looks OK (No serious problems, but does not look very appealing)","Looks OK (No serious problems, but does not look very appealing)",Narrating a line,Having a conversation,Narrating a line,Narrating a line,Narrating a line,Having a conversation,"I couldn't clearly understand emotions from the gestures,The faces were distracting me from focusing on the gestures,Something else","a lot of them hold their arms up in front of them without using them, which seems unnatural bc real people would get tired holding the position",1,2,3,3,,https://umdsurvey.umd.edu/WRQualtricsControlPanel/File.php?F=F_e9FrxUIvfKeV2T3,"074,101,043,022,026,097,139,034,094,078,088,041,142,098",Relieved,Amused,Neutral,Joyous,5,Neutral,None,None,None,"Neutral, Neutral, Surprised, Disgusted, Amused, Neutral","None, None, None, None, None, None","None, None, None, None, None, None","None, None, None, None, None, None","078, 134, 026",,,,,,,
2020-08-31 09:13:26,2020-08-31 09:26:49,IP Address,72.83.193.4,100,802,True,2020-08-31 09:26:49,R_3QQREbI7yLEG870,,,,,39.039703369140625,-77.191802978515625,anonymous,EN,Male,,18 - 24,${e://Field/choice3},${e://Field/choice3},${e://Field/choice2},${e://Field/choice4},${e://Field/choice1},${e://Field/choice3},"Not Realistic (Limbs going inside the body or through the chair, etc.)","Looks OK (No serious problems, but does not look very appealing)","Looks OK (No serious problems, but does not look very appealing)","Not Realistic (Limbs going inside the body or through the chair, etc.)","Not Realistic (Limbs going inside the body or through the chair, etc.)","Looks OK (No serious problems, but does not look very appealing)",Having a conversation,Narrating a line,Narrating a line,Having a conversation,Narrating a line,Having a conversation,"I couldn't clearly understand emotions from the gestures,The faces were distracting me from focusing on the gestures",,1,2,2,2,,https://umdsurvey.umd.edu/WRQualtricsControlPanel/File.php?F=F_0DNXkicRxr6fSo5,"097,017,134,008,116,062,032,027,119,007,033,138,142,056,037",Disgusted,Afraid,Amused,Neutral,5,Ashamed,None,None,None,"Neutral, Neutral, Surprised, Afraid, Disgusted, Ashamed","None, None, None, None, None, None","None, None, None, None, None, None","None, None, None, None, None, None","014, 137, 116",,,,,,,
2020-08-31 10:03:45,2020-08-31 10:11:55,IP Address,128.8.120.3,100,489,True,2020-08-31 10:11:55,R_28NfumQ8YEZiER1,,,,,38.9965057373046875,-76.93399810791015625,anonymous,EN,Prefer not to disclose,,35 or older,"${e://Field/choice1},${e://Field/choice2},${e://Field/choice3},${e://Field/choice4}","${e://Field/choice2},${e://Field/choice3}","${e://Field/choice1},${e://Field/choice2},${e://Field/choice3}","${e://Field/choice1},${e://Field/choice2},${e://Field/choice3}","${e://Field/choice1},${e://Field/choice2},${e://Field/choice3},${e://Field/choice4}","${e://Field/choice2},${e://Field/choice3},${e://Field/choice4}","Very Unnatural (Broken arms or legs, torso at impossible angles, etc.)","Very Unnatural (Broken arms or legs, torso at impossible angles, etc.)","Looks OK (No serious problems, but does not look very appealing)","Looks OK (No serious problems, but does not look very appealing)","Looks OK (No serious problems, but does not look very appealing)","Looks OK (No serious problems, but does not look very appealing)",Having a conversation,Having a conversation,Having a conversation,Having a conversation,Narrating a line,Narrating a line,"I couldn't clearly understand emotions from the gestures,The faces were distracting me from focusing on the gestures,Something else",Very unrealistic. Body morphing. Choices provided were limiting in section 1 - often there were no choices to match what was observed.,1,1,4,3,,https://umdsurvey.umd.edu/WRQualtricsControlPanel/File.php?F=F_3qRJ4RPsgwimgWV,"094,088,138,049,050,128,035,017,014,070,004,142,046",Amused,Joyous,Afraid,Proud,5,Neutral,Proud,Amused,None,"Afraid, Neutral, Proud, Proud, Proud, Neutral","Angry, Proud, Relieved, Relieved, Relieved, Proud","Neutral, None, Ashamed, Ashamed, Afraid, Amused","Amused, None, None, None, Amused, None","098, 120, 040",,,,,,,
2020-09-04 14:08:01,2020-09-04 14:13:29,IP Address,24.178.155.169,100,328,True,2020-09-04 14:13:30,R_3qxTt6wt45iCgtS,,,,,35.686492919921875,-81.36640167236328125,anonymous,EN,Male,,18 - 24,${e://Field/choice4},${e://Field/choice1},${e://Field/choice2},${e://Field/choice4},${e://Field/choice2},${e://Field/choice3},"Looks OK (No serious problems, but does not look very appealing)","Not Realistic (Limbs going inside the body or through the chair, etc.)","Looks OK (No serious problems, but does not look very appealing)","Looks OK (No serious problems, but does not look very appealing)","Looks OK (No serious problems, but does not look very appealing)","Looks OK (No serious problems, but does not look very appealing)",Narrating a line,Having a conversation,Narrating a line,Having a conversation,Having a conversation,Having a conversation,"I couldn't clearly understand emotions from the gestures,The faces were distracting me from focusing on the gestures",,3,3,5,3,,https://umdsurvey.umd.edu/WRQualtricsControlPanel/File.php?F=F_57OMWu5TigwNW6x,"008,075,139,020,066,100,122,138,104,107,049,090,034,101",Disgusted,Proud,Afraid,Ashamed,5,Proud,None,None,None,"Neutral, Sad, Neutral, Afraid, Afraid, Proud","None, None, None, None, None, None","None, None, None, None, None, None","None, None, None, None, None, None","094, 000, 138",,,,,,,
2020-09-04 16:15:36,2020-09-04 16:21:47,IP Address,98.27.60.149,100,371,True,2020-09-04 16:21:48,R_1MYVQVJ8hX3EUq5,,,,,35.91510009765625,-79.097198486328125,anonymous,EN,Female,,18 - 24,"${e://Field/choice1},${e://Field/choice2}",${e://Field/choice3},${e://Field/choice3},${e://Field/choice1},${e://Field/choice2},${e://Field/choice2},"Looks OK (No serious problems, but does not look very appealing)","Looks good (No problems, and the gestures look natural)","Not Realistic (Limbs going inside the body or through the chair, etc.)","Not Realistic (Limbs going inside the body or through the chair, etc.)",Looks great! (The gestures look line they could be from a real person),"Very Unnatural (Broken arms or legs, torso at impossible angles, etc.)",Having a conversation,Having a conversation,Narrating a line,Having a conversation,Having a conversation,Having a conversation,The faces were distracting me from focusing on the gestures,,2,3,4,4,,https://umdsurvey.umd.edu/WRQualtricsControlPanel/File.php?F=F_0DNXkicRxr6fSo5,"049,074,033,040,007,008,012,027,002,110,100,020,125,037",Relieved,Surprised,Amused,Neutral,5,Neutral,None,None,None,"Proud, Surprised, Ashamed, Angry, Afraid, Neutral","Relieved, None, None, None, None, None","None, None, None, None, None, None","None, None, None, None, None, None","035, 050, 007",,,,,,,
